cityweather.csv,Lat,Lng,Max Temp,Humidity,Cloudiness,Wind Speed,Date
0,57.79,-152.4072,35.6,55,1,7.2,1611978482
1,5.4112,100.3354,86.0,61,20,3.6,1611977851
2,24.4125,-106.6908,62.99600000000005,87,1,1.09,1611978482
3,-23.1203,-134.9692,80.18600000000006,72,24,4.39,1611977983
4,-3.6667,152.4333,84.21800000000009,76,70,6.28,1611978094
5,64.1835,-51.7216,23.0,93,0,4.63,1611978483
6,-33.0153,27.9116,69.74600000000005,72,38,1.53,1611977992
7,-20.5831,-46.9219,69.99800000000002,80,100,0.42,1611978484
8,5.2737,-74.1961,51.8,82,20,3.09,1611978485
9,42.6001,-73.9662,8.996000000000048,50,6,2.68,1611978485
10,-46.2817,169.8464,57.992,70,19,4.47,1611978099
11,-21.2,-175.2,80.6,89,90,6.69,1611977981
12,-54.8,-68.3,42.8,75,40,7.72,1611977781
13,-20.5167,57.5167,78.80000000000001,89,40,3.6,1611978050
14,0.0644,32.4469,70.89800000000002,74,85,0.5,1611978372
15,27.181,31.1837,42.8,65,0,1.04,1611978487
16,22.0752,-159.319,75.2,78,40,7.2,1611977854
17,-42.8794,147.3294,69.80000000000001,64,75,4.63,1611977992
18,50.6789,156.125,24.691999999999997,91,100,8.03,1611978487
19,46.3592,6.9759,42.998000000000026,100,75,2.28,1611978488
20,22.2855,114.1577,62.99600000000005,64,0,1.79,1611978213
21,-34.7333,135.8667,67.47800000000007,57,22,6.89,1611977922
22,71.2906,-156.7887,-11.199999999999953,77,90,4.12,1611978093
23,-24.7911,-50.0119,62.58200000000002,95,100,1.38,1611977889
24,-34.5322,20.0403,62.00600000000003,90,93,0.45,1611977798
25,40.5982,-124.1573,48.00200000000008,76,90,5.14,1611978489
26,64.8945,-23.7142,28.85,98,100,8.24,1611978066
27,-38.0023,-57.5575,69.99800000000002,94,82,2.06,1611977783
28,-37.6167,-73.65,56.89400000000008,90,96,2.72,1611978012
29,-33.65,115.3333,82.00400000000005,45,0,2.68,1611977988
30,28.3667,129.4833,57.2,54,75,5.14,1611978490
31,-46.1927,168.8643,68.77400000000002,39,0,0.68,1611977794
32,50.5167,115.1333,-12.477999999999966,85,99,3.46,1611978491
33,71.9667,102.5,-43.185999999999964,75,1,1.4,1611978049
34,65.282,-126.8329,-34.59999999999995,74,40,1.03,1611978036
35,39.1834,-84.5333,26.6,63,75,2.57,1611978175
36,60.7333,77.5889,-43.59999999999995,73,0,1.36,1611978493
37,7.6244,-11.8332,74.24600000000005,93,1,1.0,1611978494
38,-25.9653,32.5892,78.00800000000001,88,40,1.03,1611978494
39,46.4333,26.4,41.0,58,100,2.09,1611978495
40,-21.2078,-159.775,82.4,74,75,3.6,1611977998
41,34.5686,105.8933,41.46800000000009,48,95,1.01,1611978496
42,-31.95,141.4333,84.2,34,16,7.2,1611978497
43,-22.116,14.2845,66.99199999999999,82,41,1.77,1611978497
44,-21.3585,55.7679,80.99600000000005,57,0,2.57,1611978011
45,60.1432,-45.2371,32.39600000000005,91,99,3.59,1611977880
46,-9.0122,-35.2225,77.32400000000001,82,100,3.92,1611978499
47,-33.9258,18.4232,69.99800000000002,94,75,1.54,1611977763
48,65.7,82.4667,-34.38399999999994,78,12,1.43,1611978500
49,-20.2333,164.0167,80.6,73,28,3.87,1611978500
50,-34.4187,19.2345,62.00600000000003,90,66,0.45,1611978002
51,19.9333,-105.25,74.19200000000001,46,7,1.72,1611978502
52,-15.7667,128.7333,78.80000000000001,100,75,3.6,1611977997
53,49.6835,-83.6665,-11.199999999999953,84,95,1.03,1611978502
54,66.5606,67.7975,-41.04399999999997,79,55,1.53,1611978502
55,38.421,-121.4238,46.99400000000007,87,1,2.06,1611977893
56,-53.15,-70.9167,46.4,81,40,9.26,1611977922
57,11.417,-7.479,67.87400000000002,22,0,2.03,1611978503
58,-15.1685,35.3,68.57600000000009,96,100,0.75,1611978503
59,17.0151,54.0924,69.80000000000001,64,75,2.06,1611978393
60,27.9769,-114.0611,59.81000000000009,73,3,6.86,1611978504
61,-17.7125,-39.2481,75.02000000000007,89,4,2.68,1611978504
62,60.4667,166.1,-1.4079999999999515,94,100,5.46,1611978076
63,69.4541,-133.0374,-36.39999999999995,67,1,1.03,1611977804
64,47.4235,-120.3103,37.004000000000055,88,100,0.78,1611978448
65,-3.8004,102.2655,86.88200000000002,58,95,1.76,1611977841
66,18.4167,-64.6167,77.0,83,38,1.79,1611978506
67,-41.8697,-73.8203,51.998000000000026,71,0,7.2,1611977852
68,-2.8833,-78.9833,59.0,94,94,3.6,1611978506
69,-17.8786,36.8883,77.32400000000001,89,92,0.61,1611978061
70,57.1281,73.8282,-5.763999999999982,88,100,3.36,1611978506
71,31.3525,27.2453,55.400000000000006,62,40,6.17,1611978507
72,34.74,60.7756,48.866000000000014,39,72,7.0,1611978507
73,-38.2667,141.9667,62.94199999999999,71,100,5.9,1611977853
74,-0.6136,-47.3561,80.43800000000005,80,92,5.71,1611978509
75,68.75,161.3,-35.049999999999955,83,4,1.0,1611977985
76,54.0359,19.0266,26.99600000000005,100,100,1.91,1611978019
77,-0.6,73.0833,81.98600000000008,76,35,5.78,1611978004
78,43.3236,145.575,30.2,86,75,3.6,1611978510
79,66.0449,-17.3389,26.6,86,90,7.72,1611978510
80,8.8667,5.4167,71.88800000000005,21,71,0.94,1611978510
81,43.7501,-81.7165,26.6,63,100,5.66,1611978511
82,13.6017,26.6876,58.64000000000002,32,0,7.93,1611978511
83,24.1447,67.4497,67.38800000000005,50,0,1.96,1611978511
84,66.9395,-53.6735,7.610000000000081,87,2,4.44,1611977989
85,-46.6,168.3333,54.05,74,0,6.71,1611978005
86,55.7435,-97.8558,10.399999999999999,85,90,2.06,1611978038
87,62.6683,131.1683,-42.10599999999998,76,86,0.92,1611978512
88,-32.5708,27.424,60.40400000000005,93,80,0.63,1611978512
89,51.226,-58.6502,12.649999999999999,91,26,5.25,1611978050
90,60.8156,-115.7999,-20.199999999999953,76,16,1.03,1611978158
91,-20.0167,148.2333,86.0,66,96,7.72,1611978513
92,-11.0964,-77.6139,70.934,76,80,3.07,1611978513
93,-30.2067,30.7978,75.00200000000008,96,57,2.13,1611978513
94,-12.9067,15.2533,57.992,78,75,0.56,1611978513
95,-33.295,-66.3356,68.0,73,75,10.29,1611978514
96,72.7868,-56.1549,-8.823999999999963,83,0,4.56,1611978069
97,59.7035,30.7861,30.991999999999997,93,90,4.0,1611977857
98,19.7297,-155.09,75.2,73,90,3.09,1611978258
99,67.5447,133.385,-40.50399999999995,77,96,0.09,1611978142
100,-0.9131,122.8766,84.75800000000001,58,100,0.48,1611978515
101,10.4703,-84.9671,78.80000000000001,57,0,10.29,1611978515
102,3.0707,172.7902,80.56400000000004,78,100,6.96,1611977859
103,-0.9492,100.3543,84.2,65,40,1.03,1611978015
104,21.3469,-158.0858,78.80000000000001,57,1,4.63,1611978516
105,53.9491,46.7042,26.312000000000058,97,86,6.45,1611978516
106,62.456,-114.3525,-18.003999999999955,76,1,2.57,1611977927
107,69.7008,170.3133,-30.423999999999964,85,18,1.81,1611978081
108,62.5833,6.1333,35.6,75,90,3.6,1611977841
109,68.8193,-51.1922,-0.39999999999994884,55,0,3.6,1611978389
110,69.3143,16.1194,23.0,74,90,5.66,1611978517
111,39.2446,55.5154,47.588000000000044,52,100,3.95,1611978109
112,-33.6971,-53.4616,67.24400000000009,92,2,0.54,1611977851
113,70.4692,-68.5914,-16.59999999999995,83,1,2.57,1611977955
114,64.8569,-147.8028,1.004000000000051,70,40,1.23,1611978148
115,25.0213,37.2685,62.81600000000001,48,0,4.81,1611978012
116,-3.5534,143.6268,85.4600000000001,69,100,4.56,1611978523
117,45.5234,-122.6762,44.99600000000005,76,90,3.6,1611978476
118,38.5167,-28.7,61.41200000000006,83,94,11.14,1611977883
119,65.8522,44.24,10.436000000000067,95,100,4.71,1611978526
120,-0.7393,-90.3518,77.0,95,38,4.02,1611978006
121,40.973,-117.7357,30.2,74,1,2.57,1611978526
122,71.9167,114.0833,-37.78599999999997,75,0,1.59,1611978014
123,26.326,43.975,48.2,71,0,2.06,1611978527
124,63.7506,-68.5145,-12.99999999999995,70,1,12.35,1611978527
125,41.0977,44.6732,39.2,93,90,1.54,1611978527
126,59.2353,163.0719,10.130000000000042,94,100,8.58,1611978527
127,-3.2397,35.4875,50.93600000000007,100,100,1.01,1611978527
128,-20.0064,57.6608,82.99400000000009,75,2,2.68,1611978100
129,11.6667,92.75,83.60600000000002,68,26,4.55,1611978482
130,4.9333,-52.3333,77.0,100,75,3.6,1611978084
131,-10.4389,-62.4664,73.81400000000004,95,99,1.23,1611978528
132,65.5833,-171.0,-18.507999999999953,81,0,4.4,1611978095
133,-16.4833,-151.75,81.23000000000005,67,100,2.13,1611977986
134,-33.918,25.5701,57.2,88,0,2.06,1611977982
135,20.8947,-156.47,75.2,69,40,8.75,1611978006
136,70.8578,29.0864,24.92600000000009,95,100,7.55,1611977856
137,-24.8667,113.6333,105.8,21,0,8.23,1611977987
138,-8.4667,140.3333,83.53399999999999,77,100,7.05,1611978530
139,33.9911,-6.8401,60.00800000000001,94,75,2.71,1611978530
140,58.3019,-134.4197,28.4,80,90,3.28,1611978312
141,-23.9,-56.5667,72.82400000000001,96,31,1.93,1611978531
142,-35.3333,-72.4167,60.51200000000006,94,100,4.33,1611977851
143,42.097,-79.2353,19.004000000000055,73,90,6.17,1611978236
144,70.3705,31.1107,26.258000000000003,97,100,9.72,1611978532
145,77.484,-69.3632,-13.323999999999963,63,0,2.33,1611977858
146,49.7834,-74.8492,-0.39999999999994884,78,90,4.63,1611978055
147,-19.8436,34.8389,78.80000000000001,94,40,1.54,1611978533
148,66.8333,70.8333,-38.32599999999994,82,38,2.04,1611978139
149,-42.7826,147.0587,71.99600000000005,64,75,4.63,1611977780
150,47.3,20.4833,41.0,87,0,5.14,1611978535
151,-22.6667,167.4833,76.28000000000004,75,31,8.91,1611978067
152,-2.5744,150.7967,84.542,76,100,6.52,1611978054
153,-45.5752,-72.0662,44.6,81,0,1.03,1611978075
154,-1.195,-46.02,79.66400000000004,80,95,4.14,1611978017
155,41.3712,-73.414,14.0,52,1,2.57,1611978536
156,13.6393,4.0287,66.83000000000004,24,0,5.59,1611978536
157,-45.4167,167.7167,67.98200000000003,46,0,1.3,1611978089
158,-23.65,-70.4,66.2,77,0,4.63,1611978537
159,2.3,111.8167,80.6,89,40,2.06,1611978537
160,57.6953,93.2761,-23.277999999999963,84,100,2.44,1611978141
161,-33.5906,26.891,66.00200000000008,81,15,3.0,1611977989
162,-11.5714,-77.2672,75.00200000000008,83,0,5.14,1611978538
163,14.35,121.0167,84.2,54,40,7.72,1611978538
164,67.667,12.6934,23.0,74,20,1.03,1611978538
165,69.3833,178.4167,-22.161999999999956,85,100,3.52,1611978538
166,66.0,111.5,-35.895999999999944,80,99,3.67,1611978539
167,73.5069,80.5464,-33.915999999999954,84,96,3.36,1611977891
168,53.9,27.5667,23.0,86,75,4.0,1611978370
169,20.5169,-13.0499,64.65200000000007,27,47,5.17,1611978012
170,-9.6608,20.3916,63.66200000000006,95,88,0.87,1611978541
171,51.3813,1.3862,48.00200000000008,90,100,0.89,1611978155
172,47.6666,-52.7314,28.004000000000055,93,90,9.26,1611978044
173,36.6167,101.7667,22.352000000000075,65,99,1.55,1611978542
174,64.3833,-173.3,-7.671999999999933,81,11,1.49,1611978101
175,60.1247,64.7758,-11.073999999999963,89,100,5.48,1611978542
176,68.2191,-135.0107,-27.39999999999995,68,75,2.57,1611978081
177,-13.275,-50.1628,72.608,87,87,1.17,1611978543
178,46.5333,-87.6335,5.0,85,1,1.92,1611978407
179,23.6667,87.7167,60.8,72,0,3.6,1611978543
180,69.2167,-51.1,-0.39999999999994884,55,0,3.6,1611978010
181,-9.6567,120.2641,81.33800000000005,79,100,5.76,1611978544
182,60.9167,-46.05,42.8,33,75,11.83,1611978544
183,50.9416,-2.6321,46.4,93,75,6.69,1611978544
184,-51.6226,-69.2181,50.0,57,75,7.2,1611978544
185,-14.4667,132.2667,86.0,66,90,5.66,1611978056
186,-20.2078,57.7625,82.99400000000009,89,40,3.6,1611977890
187,57.8,158.6667,-2.505999999999979,91,100,4.13,1611978545
188,34.1667,77.5833,3.5419999999999945,66,0,0.71,1611978045
189,13.2833,-88.55,82.4,47,0,4.63,1611978547
190,-2.6741,141.3028,83.73200000000003,79,100,5.44,1611978547
191,-34.8603,-56.0522,69.00800000000001,82,0,1.54,1611978547
192,57.8406,108.3492,-31.89999999999995,79,35,1.9,1611978548
193,7.5264,-12.505,76.85600000000002,89,2,2.08,1611978548
194,27.2574,33.8129,51.8,46,0,4.12,1611978548
195,51.7102,143.2326,1.6160000000000068,90,100,6.82,1611978548
196,-6.8367,-79.9342,71.47400000000002,79,51,5.73,1611978549
197,70.6333,147.9167,-27.903999999999954,85,100,3.93,1611978009
198,-12.974,40.5178,78.80000000000001,89,75,3.6,1611978549
199,45.4375,40.5756,33.602000000000075,92,98,3.04,1611978550
200,-23.7,133.8833,96.00800000000001,38,74,6.69,1611978026
201,-8.8368,13.2343,78.80000000000001,83,40,3.09,1611978550
202,35.7333,140.8333,44.99600000000005,22,20,10.8,1611977851
203,-28.7667,114.6,100.4,17,0,6.69,1611977807
204,15.1333,-23.2167,73.4,53,0,7.2,1611978551
205,32.6667,-17.1,57.992,76,16,1.79,1611977850
206,64.5667,143.2,-14.205999999999982,80,100,1.69,1611978552
207,-5.1989,-35.4608,77.0,88,40,2.06,1611978083
208,34.6391,-120.4579,44.6,100,1,1.14,1611978552
209,-8.1881,15.375,61.98800000000004,100,100,0.56,1611978552
210,-15.5333,167.1667,83.66000000000008,75,99,5.42,1611978553
211,65.6145,-37.6368,15.8,53,90,9.77,1611978088
212,16.7833,94.7333,86.82800000000006,50,4,2.68,1611978553
213,43.65,0.5833,53.00600000000003,98,99,1.34,1611978553
214,-9.8,-139.0333,78.54800000000003,80,12,7.96,1611977784
215,51.7836,-1.4854,44.6,93,75,2.57,1611978554
216,-6.2222,-57.7528,74.13800000000005,84,61,0.91,1611978554
217,-34.0033,24.7314,55.004000000000055,90,0,0.45,1611977867
218,62.7167,147.95,-22.431999999999967,82,99,1.68,1611978059
219,-18.0607,13.84,68.558,61,95,2.03,1611978555
220,24.6877,46.7219,60.8,31,55,2.57,1611978283
221,65.3667,64.6667,-32.457999999999956,82,100,1.96,1611978032
222,35.5729,53.3971,42.71000000000008,63,75,2.38,1611978555
223,37.5683,126.9778,37.4,56,20,1.03,1611978144
224,16.3333,-15.0,68.81000000000009,21,19,4.47,1611978037
225,68.3499,-133.7218,-27.39999999999995,68,78,0.84,1611978556
226,43.5457,12.6527,46.004000000000055,88,22,0.45,1611978556
227,58.3631,82.8265,-30.963999999999984,83,0,2.35,1611978556
228,49.9358,40.545,32.82800000000007,96,100,6.31,1611978557
229,6.1241,81.1185,80.6,89,20,4.12,1611977944
230,37.1041,-113.5841,37.99400000000007,93,90,3.6,1611978558
231,25.2867,51.5333,68.0,82,0,4.63,1611978560
232,21.4267,39.8261,63.41000000000008,48,0,4.08,1611978561
233,14.8961,-24.4956,74.858,54,98,4.3,1611977854
234,62.0989,126.6992,-40.521999999999935,78,100,0.44,1611978028
235,29.0331,21.5482,53.34800000000003,71,0,4.59,1611978118
236,64.75,177.4833,-20.001999999999974,76,0,3.0,1611978060
237,-11.0833,34.6333,76.19000000000003,68,100,2.34,1611978568
238,50.0163,-125.2446,42.008,100,90,6.17,1611978317
239,-10.1667,123.5833,77.0,100,90,5.14,1611978389
240,14.5333,20.9167,65.89400000000008,25,0,8.29,1611978571
241,78.2186,15.6401,-0.39999999999994884,50,20,10.8,1611977937
242,51.9419,1.2844,42.008,84,100,5.36,1611978318
243,67.8006,130.4114,-32.00799999999995,82,100,0.47,1611978572
244,23.2281,110.8261,73.23800000000006,36,0,1.69,1611978572
245,22.85,82.2,60.78200000000002,31,0,2.56,1611978572
246,69.4865,88.3972,-31.61199999999996,65,2,1.43,1611978037
247,52.6333,29.7333,21.29000000000002,96,100,4.59,1611978573
248,51.9669,12.1396,30.991999999999997,95,100,1.34,1611978573
249,-14.9783,27.0619,63.21200000000006,94,100,1.07,1611978574
250,-13.7,-76.2167,71.6,73,0,3.09,1611978574
251,-2.9701,119.8978,80.34800000000003,69,95,0.72,1611978574
252,43.6125,122.2653,-0.11199999999995924,87,0,3.07,1611978575
253,42.2506,-75.833,8.996000000000048,78,90,1.54,1611977875
254,-29.7833,151.1167,89.00600000000003,39,52,0.89,1611978575
255,-16.7,-151.0167,81.12200000000004,66,85,1.75,1611977873
256,52.5369,62.4936,12.632000000000016,95,100,3.96,1611978575
257,21.2833,-88.9333,66.79400000000007,77,0,3.45,1611978576
258,-15.3972,-42.8664,69.11600000000001,79,37,3.14,1611978576
259,52.6876,35.7667,20.57000000000006,96,91,6.51,1611978576
260,23.5996,58.5507,60.8,59,0,1.03,1611978577
261,-25.2406,130.9889,89.6,33,40,8.23,1611978082
262,-27.4606,-58.9839,75.99199999999999,83,0,3.09,1611978577
263,28.017,-97.5169,66.2,77,90,5.66,1611978069
264,4.423,-7.3528,77.21600000000001,89,0,2.6,1611978578
265,50.0334,-66.8654,10.399999999999999,61,0,3.6,1611978578
266,13.5928,-89.8275,79.41200000000006,50,63,4.67,1611978578
267,7.2424,-70.7324,75.57800000000006,56,23,1.37,1611978578
268,63.7256,8.834,35.6,75,75,6.69,1611978578
269,8.9833,16.3199,66.95600000000003,23,0,2.34,1611978579
270,30.4833,-115.95,55.958000000000006,76,0,3.57,1611978036
271,36.0842,35.9771,35.6,100,40,1.54,1611978579
272,-16.5,-68.15,42.8,81,40,1.54,1611978022
273,-26.6481,15.1594,64.958,53,0,9.54,1611978097
274,12.25,109.1833,80.6,54,0,7.72,1611978395
275,8.5435,-9.471,65.76800000000009,91,0,0.3,1611978580
276,11.9214,109.1591,80.6,50,0,7.2,1611978094
277,-30.8511,-51.8122,72.03200000000001,93,45,1.61,1611978581
278,48.3833,-4.6167,51.8,93,90,9.26,1611978581
279,35.412,-99.4043,50.0,71,40,6.17,1611978581
280,-3.9014,-38.3911,80.6,78,20,5.14,1611978581
281,42.3339,142.3669,32.288000000000046,92,99,10.78,1611978582
282,-0.4139,-65.0192,74.48000000000005,74,75,1.05,1611978583
283,11.1833,40.0167,52.91600000000001,57,0,1.35,1611978584
284,50.3672,137.4996,-1.227999999999966,90,100,2.38,1611978584
285,18.7333,-103.6833,73.54400000000007,72,92,1.01,1611978100
286,66.0833,76.6333,-40.95399999999995,81,3,1.5,1611978353
287,19.8,85.85,71.6,78,20,2.06,1611978302
288,37.4833,141.0,39.992,41,0,0.45,1611978586
289,29.4,79.1167,59.41400000000003,32,0,0.62,1611978586
290,70.0513,24.9718,5.0,85,90,0.34,1611978587
291,-20.3428,57.7575,82.99400000000009,89,40,3.6,1611978092
292,-21.05,31.6667,70.84400000000008,98,1,1.49,1611978588
293,-0.1303,-67.0892,76.5680000000001,80,96,0.44,1611978588
294,-19.6667,22.2667,68.25200000000008,94,87,1.97,1611978102
295,13.0833,109.3,71.9600000000001,81,100,4.48,1611978590
296,-22.9661,-42.0278,76.83800000000005,84,77,11.01,1611978074
297,21.1167,70.1167,67.60400000000006,28,57,4.99,1611978154
298,13.2167,-59.5167,77.0,78,20,5.14,1611978591
299,42.6403,125.5118,5.27000000000006,87,0,4.87,1611978591
300,43.5945,-83.8889,15.998000000000022,79,1,1.54,1611978591
301,46.1777,8.8147,41.0,87,1,3.6,1611978592
302,-46.1333,167.6833,64.79600000000005,49,0,2.96,1611978592
303,43.4065,-124.2243,42.998000000000026,98,100,0.45,1611978062
304,35.1333,140.3,46.4,31,20,6.17,1611978033
305,59.1333,37.9,26.6,93,90,3.0,1611978593
306,7.7669,-72.225,63.48200000000001,76,35,0.69,1611977859
307,64.7507,20.9528,8.599999999999998,92,90,4.12,1611978055
308,-9.3833,-35.8417,75.2,94,75,1.03,1611978593
309,51.095,54.0814,25.682000000000016,98,87,1.62,1611978593
310,54.7183,135.315,-10.60599999999998,88,100,5.46,1611978594
311,39.05,-27.9833,60.044000000000075,83,98,9.25,1611977817
312,11.2126,99.5117,82.99400000000009,83,40,3.09,1611978594
313,18.8333,100.6667,77.0,57,0,3.6,1611978594
314,-37.8333,140.7667,66.2,63,90,5.66,1611978068
315,53.7214,25.4993,15.026000000000089,97,100,3.51,1611978595
316,-21.6403,-41.0511,77.01800000000009,81,18,9.04,1611978119
317,67.6713,53.087,-7.257999999999953,86,100,7.37,1611978596
318,50.6996,-127.4199,42.8,87,90,7.72,1611978099
319,-35.1667,173.1667,67.78399999999999,64,63,1.98,1611977878
320,38.4953,102.1739,30.65,58,0,1.06,1611978597
321,40.4272,71.7189,28.4,54,56,5.14,1611977846
322,-7.0167,113.8667,78.35,86,100,7.81,1611978597
323,54.7909,18.4009,33.008,93,75,2.57,1611978598
324,58.0425,65.2726,7.862000000000055,95,100,3.89,1611978598
325,44.0833,5.1667,39.992,87,0,1.96,1611978599
326,37.3489,-108.5859,33.8,80,90,5.66,1611978599
327,46.6806,113.2792,2.768000000000086,93,84,4.73,1611977924
328,-33.0117,17.9442,65.53399999999999,80,60,4.83,1611978082
329,33.7333,135.3667,44.6,49,40,7.72,1611978601
330,-5.5881,-39.3717,74.96600000000001,84,99,1.33,1611978601
331,-12.7336,45.2042,80.6,83,90,2.06,1611978601
332,32.8663,59.2211,44.6,12,40,6.17,1611978501
333,-0.8667,134.0833,83.40800000000002,64,91,1.73,1611978071
334,13.9553,7.6712,62.52800000000006,25,34,6.0,1611978602
335,67.8557,20.2251,1.3999999999999986,85,90,2.29,1611978602
336,-13.8833,167.55,87.80000000000001,79,90,2.57,1611978602
337,25.7,100.1833,56.87600000000009,37,0,2.89,1611978603
338,33.0185,-80.1757,37.4,60,1,1.76,1611978603
339,-33.8667,121.9,75.2,43,0,6.17,1611978065
340,10.5669,72.642,80.67200000000004,72,13,4.66,1611978603
341,-28.783,32.0377,72.0680000000001,90,69,1.47,1611978073
342,-39.0333,-67.5833,64.4,77,0,1.54,1611978604
343,-5.5569,-80.8222,76.94600000000005,64,84,5.5,1611978604
344,22.8909,-109.9124,68.0,82,1,2.06,1611978389
345,22.1928,-78.9136,71.6,60,75,6.69,1611978604
346,-8.0089,-34.8553,78.80000000000001,69,40,3.6,1611978605
347,27.9054,-15.4461,64.99400000000009,82,20,8.75,1611978605
348,20.7,-105.2,73.00400000000005,94,40,1.03,1611978605
349,65.8167,87.9833,-30.31599999999996,77,93,2.71,1611978605
350,33.7333,135.9833,44.6,49,40,7.72,1611978606
351,-2.0226,147.2712,83.48000000000005,80,100,4.16,1611977870
352,70.0167,135.6,-38.37999999999994,79,100,0.38,1611978606
353,-20.4081,57.7,78.80000000000001,89,40,3.6,1611977791
354,13.35,-15.75,68.43200000000002,20,0,2.16,1611978607
355,50.7,6.4833,44.00600000000003,93,75,4.12,1611978607
356,62.2266,-6.589,33.8,64,75,2.06,1611978607
357,8.0,-66.0,77.50400000000005,66,68,7.85,1611978607
358,62.1535,45.1175,19.058000000000003,97,100,3.17,1611978608
359,-5.3582,104.9744,84.27200000000005,68,52,3.16,1611978608
360,53.9599,81.2093,16.304000000000052,97,100,1.96,1611978608
361,39.9509,48.8994,40.85600000000003,90,100,1.6,1611978608
362,-10.6167,150.6667,84.18200000000002,74,100,2.46,1611978609
363,-45.8742,170.5036,55.004000000000055,72,10,5.36,1611978609
364,-10.0,38.9833,71.58200000000002,97,100,1.52,1611978609
365,63.2842,118.3319,-41.457999999999956,78,100,1.24,1611978610
366,24.4058,109.6086,62.906000000000034,39,84,1.27,1611978610
367,10.2849,22.7882,69.13399999999999,23,21,5.51,1611978610
368,-30.4,27.7003,59.846000000000046,61,0,0.97,1611978611
369,-45.8667,-67.5,51.8,71,0,2.14,1611978551
370,26.75,95.1,64.23800000000006,68,0,1.45,1611978611
371,59.7,150.1667,-12.171999999999933,79,45,5.79,1611978611
372,-28.65,153.6167,86.0,65,40,6.17,1611978304
373,-19.55,169.2667,87.80000000000001,62,40,5.14,1611978612
374,60.3778,92.6267,-35.08599999999997,78,75,1.69,1611978612
375,14.0351,-83.3888,73.94000000000003,85,2,4.61,1611978612
376,53.2085,34.6641,24.8,86,90,5.0,1611978613
377,60.7253,114.9278,-38.37999999999994,76,74,1.74,1611978613
378,45.6834,5.9224,42.998000000000026,87,0,4.12,1611978613
379,57.0531,-135.33,39.2,48,90,7.2,1611978613
380,-3.6954,128.1814,91.4,58,40,3.09,1611978614
381,41.7597,86.1469,27.86000000000008,76,0,2.25,1611978614
382,24.8,125.2833,64.4,52,40,4.63,1611978615
383,50.3557,44.1168,33.36800000000009,93,100,9.06,1611978615
384,51.1,66.3167,16.28600000000007,92,79,4.94,1611978615
385,40.8021,-124.1637,48.00200000000008,70,100,1.34,1611978616
386,15.435,119.9045,81.14000000000001,54,13,0.37,1611978617
387,-34.6534,-58.6198,77.0,79,0,0.89,1611978327
388,35.8668,47.6051,28.994000000000074,97,28,3.98,1611978617
389,7.9986,124.2928,80.00600000000003,80,92,2.68,1611978617
390,54.2797,-0.4044,37.004000000000055,79,100,3.13,1611978617
391,-8.9266,125.4092,64.68800000000005,100,100,2.2,1611978618
392,8.4596,25.678,63.14000000000002,27,100,2.42,1611978618
393,41.7911,-107.2387,33.8,51,75,2.06,1611978618
394,45.9339,133.7225,-10.33599999999997,85,43,1.05,1611978619
395,70.9821,25.9704,24.638000000000044,92,99,5.72,1611978619
396,33.194,-82.5271,33.8,86,1,2.17,1611978619
397,39.3117,26.3339,51.8,71,75,9.77,1611978619
398,17.9583,-102.2,75.47000000000006,77,100,1.33,1611978620
399,64.8378,-147.7164,1.004000000000051,77,1,1.07,1611978621
400,5.6592,-53.7767,76.6760000000001,89,92,6.08,1611978621
401,-15.9169,-46.1056,70.934,73,35,0.73,1611978621
402,55.0667,-117.2859,10.399999999999999,72,0,2.06,1611978623
403,46.4856,135.8833,-4.899999999999949,87,99,2.03,1611978625
404,40.626,14.3744,55.99400000000007,94,18,2.68,1611978415
405,68.0531,39.5131,9.08600000000007,94,100,7.45,1611978627
406,5.5577,95.3222,83.15600000000003,71,99,7.62,1611978628
407,9.4942,50.8122,73.38200000000002,73,27,5.28,1611978628
408,71.6872,128.8694,-29.793999999999976,85,100,2.41,1611978629
409,20.9,70.3667,70.98800000000006,25,76,5.78,1611978630
410,-17.7333,-149.15,82.4,65,75,2.57,1611978631
411,25.5198,90.2201,68.64800000000002,36,0,1.54,1611978632
412,18.5667,-97.4333,51.944000000000074,90,96,2.63,1611978633
413,59.3833,143.3,-5.7099999999999795,85,0,4.56,1611978633
414,26.0,92.8667,69.22400000000002,53,2,0.54,1611978633
415,-6.3655,31.0409,63.21200000000006,91,100,0.14,1611978634
416,-5.6667,132.75,83.26400000000004,78,92,7.42,1611978634
417,31.3271,-89.2903,42.008,87,1,2.06,1611978506
418,41.1415,-73.3579,17.6,45,1,5.66,1611978634
419,-15.1961,12.1522,73.61600000000001,78,100,3.77,1611978635
420,-12.5211,-76.7372,75.00200000000008,83,0,5.14,1611978635
421,34.37,73.4711,50.12600000000009,38,0,2.27,1611978636
422,51.2518,9.4075,37.4,87,100,7.72,1611978636
423,-10.3353,-67.1856,74.26400000000004,95,95,1.13,1611978636
424,28.6585,-17.9182,62.99600000000005,82,20,2.57,1611978636
425,54.3268,-2.7476,39.00200000000008,87,100,2.68,1611978637
426,44.9497,12.3245,37.99400000000007,86,6,1.03,1611978637
427,53.2542,83.6936,17.6,86,75,5.0,1611978637
428,22.6783,-3.9836,64.292,28,0,4.63,1611978502
429,-22.4667,-68.9333,53.6,14,0,2.57,1611978637
430,-35.1,173.7833,69.99800000000002,59,51,4.47,1611978638
431,11.2833,-15.8333,78.24199999999999,65,0,4.32,1611978638
432,42.7762,-9.0603,57.992,76,6,9.39,1611978639
433,64.8621,11.2373,25.52000000000006,96,99,2.42,1611978639
434,50.2834,-107.8014,3.1999999999999993,85,90,3.6,1611978640
435,37.4966,61.9714,44.6,45,90,4.12,1611978640
436,-19.0595,-169.9187,80.6,89,100,3.6,1611978640
437,57.2639,103.7519,-28.227999999999966,84,100,3.06,1611978640
438,40.1629,-8.3327,57.992,93,89,0.89,1611978641
439,43.3836,21.0336,41.0,100,75,2.71,1611978641
440,41.1875,61.4036,44.51000000000008,53,100,5.77,1611978641
441,12.485,-16.5469,66.93800000000005,36,0,1.98,1611978641
442,44.251,-116.9693,37.4,75,1,2.06,1611978641
443,-19.25,146.8,87.80000000000001,58,75,7.72,1611978642
444,-9.8756,-56.0861,72.33800000000005,96,98,0.15,1611978645
445,-7.2597,-34.9075,80.6,78,75,4.12,1611978645
446,31.61,34.7642,48.992,100,62,0.89,1611978646
447,-34.5833,150.8552,84.99199999999999,71,75,2.24,1611978647
448,51.5,44.4758,32.32400000000001,97,100,10.08,1611978647
449,-0.1934,-74.7819,73.65200000000007,73,49,0.92,1611978648
450,37.6138,-122.4869,48.992,86,49,1.79,1611978648
451,58.2785,47.5164,24.404000000000053,98,100,4.6,1611978649
452,52.2667,79.1667,12.614000000000033,95,81,2.1,1611978649
453,-30.1811,-50.2056,75.07400000000001,89,13,2.13,1611978649
454,16.8634,-99.8901,80.6,83,90,2.57,1611978362
455,50.1167,139.15,-3.3879999999999413,88,100,2.1,1611978650
456,35.3733,-119.0187,51.00800000000001,62,1,2.57,1611978135
457,44.0787,-80.2041,19.4,79,90,1.03,1611978650
458,-0.7193,8.7815,80.15,82,100,6.0,1611978650
459,62.7191,32.727,22.352000000000075,98,100,3.64,1611978651
460,0.5333,72.9333,82.13000000000005,75,99,5.83,1611978651
461,48.3835,-77.2328,3.1999999999999993,78,90,4.12,1611978651
462,-32.25,148.6167,89.6,33,40,5.14,1611978651
463,17.9702,-76.8672,78.80000000000001,69,40,3.09,1611978652
464,-6.0339,-37.0203,78.94400000000007,64,100,2.61,1611978652
465,-6.8767,112.3761,78.76400000000004,87,100,8.46,1611978652
466,-20.3297,-40.2925,78.80000000000001,78,75,3.09,1611978485
467,44.0625,-103.1463,39.992,74,1,3.09,1611978518
468,50.8165,-119.6857,30.2,93,89,0.51,1611978653
469,44.3,86.0333,7.483999999999991,93,19,1.26,1611978653
470,-2.1522,-56.0922,74.93000000000004,90,78,1.1,1611978653
471,-29.6842,-53.8069,75.2,83,0,2.06,1611978270
472,16.2805,101.9542,79.17800000000007,41,14,2.81,1611978654
473,21.2833,-88.2667,64.07600000000009,82,0,3.71,1611978654
474,40.5833,17.6667,55.004000000000055,76,0,4.12,1611978654
475,7.9803,49.8164,71.20400000000006,80,21,5.87,1611978659
476,55.6502,-4.8066,35.6,80,88,6.69,1611978660
477,39.3558,-9.3811,57.992,95,100,7.6,1611978660
478,56.0724,98.4813,-12.60399999999995,88,100,2.01,1611978660
479,6.1333,102.2386,82.4,69,20,3.6,1611978661
480,13.35,74.7167,75.2,73,0,2.57,1611978661
481,18.7369,7.3853,54.35600000000003,34,0,0.48,1611978661
482,-21.15,149.2,87.00800000000001,66,40,9.26,1611978661
483,-3.3667,135.4833,83.96600000000001,66,100,1.44,1611978662
484,42.8,93.45,28.52600000000009,78,0,0.5,1611978662
485,-29.9533,-71.3436,62.6,82,20,2.57,1611978662
486,47.8043,67.7144,14.57600000000009,94,100,5.84,1611978663
487,19.1059,37.3321,70.19600000000005,61,91,6.95,1611978663
488,17.3072,102.1889,80.99600000000005,73,75,3.11,1611978664
489,50.0,88.6667,0.77000000000006,87,57,0.51,1611978664
490,-35.35,150.4667,80.99600000000005,89,75,5.14,1611978664
491,-22.2763,166.4572,86.0,58,0,8.75,1611978664
492,24.6333,-101.4167,53.564000000000036,43,19,2.2,1611978665
493,53.0452,158.6483,26.6,50,40,7.0,1611978665
494,46.4339,141.8603,20.498000000000026,91,100,5.09,1611978665
495,54.0524,-128.6534,19.99400000000007,88,100,2.36,1611978666
496,50.8552,0.5729,46.004000000000055,81,100,0.45,1611978666
497,7.2737,28.6822,70.95200000000008,20,78,2.47,1611978603
498,45.1805,-89.6835,21.2,63,90,3.6,1611978666
499,58.4109,15.6216,12.991999999999994,85,100,2.06,1611978666
500,4.95,-6.0833,76.22600000000008,92,20,2.45,1611978667
501,66.7131,27.4306,12.668000000000085,95,100,3.51,1611978667
502,64.5011,-165.4064,-2.199999999999953,60,1,9.77,1611978667
503,26.1842,127.7558,66.2,31,40,4.63,1611978667
504,-34.6667,-54.9167,71.00600000000003,88,0,2.57,1611978668
505,-11.2683,-37.4383,78.80000000000001,83,75,3.09,1611978668
506,-34.0226,20.4417,64.292,79,35,0.46,1611978668
507,21.65,110.9,71.708,53,9,5.79,1611978668
508,21.3156,-158.0072,78.80000000000001,57,1,4.63,1611978669
509,62.9693,23.0088,23.0,99,100,2.68,1611978669
510,10.1483,-85.452,78.80000000000001,57,0,10.29,1611978669
511,-3.4019,38.364,60.35,100,27,1.4,1611978670
512,34.8791,-76.9013,32.0,55,1,2.57,1611978670
513,46.0834,-73.1824,10.399999999999999,61,4,5.14,1611978670
514,57.3064,88.1667,-20.77599999999994,85,14,3.14,1611978670
515,69.4154,30.8136,15.8,86,90,2.57,1611978670
516,51.95,-7.8506,44.00600000000003,100,75,11.83,1611978671
517,0.5412,123.0595,84.25400000000005,74,48,2.08,1611978671
518,-28.4696,-65.7852,68.0,83,63,3.8,1611978641
519,56.3491,78.3619,-15.987999999999943,86,41,2.97,1611978671
520,60.0625,71.4789,-21.945999999999948,85,91,3.27,1611978672
521,-21.0256,-47.3739,73.4,78,0,1.48,1611978672
522,49.9333,116.8667,-18.18399999999994,82,93,1.67,1611978672
523,12.5898,6.5779,65.93000000000004,25,0,5.75,1611978672
524,19.8833,75.3333,62.6,55,80,4.24,1611978672
525,1.1667,108.9667,77.0,90,100,4.72,1611978673
526,10.9167,-7.0,68.28800000000004,22,0,2.01,1611978673
527,71.0357,27.8492,24.998000000000026,96,100,7.81,1611978673
528,45.4552,41.9741,33.8,93,75,6.0,1611978674
529,-20.2833,44.2833,81.03200000000001,82,47,3.43,1611978674
530,-8.7597,-35.1047,77.32400000000001,83,100,3.8,1611978674
531,24.0934,32.907,47.94800000000002,57,0,3.38,1611978674
532,22.6163,120.3133,69.80000000000001,56,40,4.12,1611978675
533,6.4965,2.6036,78.80000000000001,89,20,1.54,1611978670
534,60.5544,-151.2583,24.8,74,90,2.9,1611978675
535,54.7167,158.6167,5.630000000000042,93,100,2.13,1611978675
536,-20.7333,139.5,100.4,22,75,5.14,1611978676
537,29.9697,40.2064,41.0,70,0,3.09,1611978676
538,-10.1256,-36.1756,77.41400000000004,82,97,4.36,1611978676
539,-17.5667,-149.8667,82.4,65,75,2.57,1611978676
540,-6.3164,155.4848,79.50200000000008,78,77,2.28,1611978677
541,-6.1349,12.3689,78.0260000000001,87,100,2.37,1611978677
542,-30.5983,-71.2003,58.24400000000007,81,0,0.15,1611978677
543,27.9167,96.1667,71.25800000000001,25,60,1.72,1611978678
544,63.4427,-20.2734,35.22200000000004,82,100,3.53,1611978678
545,40.2833,97.2,29.624000000000013,67,0,10.52,1611978678
546,-30.3167,149.7833,91.4,24,27,4.12,1611978678
547,61.3833,152.75,-26.661999999999956,81,100,2.28,1611978678
548,33.8973,48.7516,34.141999999999996,89,93,3.01,1611978679
549,53.8477,42.3777,31.028000000000066,98,100,6.13,1611978679
550,66.1451,-65.7125,-5.799999999999947,65,1,1.03,1611978679
551,20.635,82.0614,72.64400000000008,28,14,2.33,1611978680
552,47.449,-79.6373,6.800000000000001,78,90,4.12,1611978680
553,-41.4122,175.5153,64.99400000000009,55,21,8.75,1611978680
554,61.9353,5.1136,33.008,86,90,5.14,1611978680
